,,CODED EXAMPLES,,,,ANALYSIS,,,,,,,,,,,,,,,,,,,,,,,,,,,,,,,,,,,,,,,,,,,,,,,,,,,,,,,,,,,,,,,,,,,,,,,,,,,0,,,,,,,,,,,,,,,,,,,,,,,,,,,,,,,,
,Photo ID,P3 - PHYSICAL SETUP - 1,P7 - PHYSICAL SETUP - 1,P7 - PHYSICAL SETUP - 2,P11 - PHYSICAL SETUP 1,P9-PHYSICAL SETUP 2,P14 -PHYSICAL SETUP 2,P-19 ACTIVITY 1,P-21 PHYSICAL SETUP 1,P-29 PHYSICAL SETUP 2,P-33 PHYSICAL SETUP 1,P-36 PHYSICAL SETUP 2,P-40 PHYSICAL SETUP 1,P-43 PHYSICAL SETUP 1,P-46 PHYSICAL SETUP 1,P-47 PHYSICAL SETUP 2,P-49 PHYSICAL SETUP 1,P-53 PHYSICAL SETUP 1,P-54 PHYSICAL SETUP 2,P-55 PHYSICAL SETUP 2,P-58 ACTIVITY 1,P3 - PHYSICAL SETUP - 1,P7 - PHYSICAL SETUP - 1,P7 - PHYSICAL SETUP - 2,P11 - PHYSICAL SETUP 1,P58 - PHYSICAL SETUP 1,P59 - PHYSICAL SETUP 1,P60 - PHYSICAL SETUP 3,P66 - ACTIVITY 3,P73 - PHYSICAL SETUP 1,P79 - ACTIVITY 1,P81 - ACTIVITY 1,P81 - PHYSICAL SETUP 3,P85 - PHYSICAL SETUP 1,P86 - ACTIVITY 2,P87 - PHYSICAL SETUP 2,P92 - ACTIVITY 1,P95 - ACTIVITY 2,P96 - PHYSICAL SETUP 1,P100 - PHYSICAL SETUP 1,P9 - ACTIVITY 2,P9 - PHYSICAL SETUP - 1,P10 - PHYSICAL SETUP 1,P12 - PHYSICAL SETUP 1,P14 - ACTIVITY 1,P14 - APPRECIATE,P14 - PHYSICAL SETUP 3,P17 - PHYSICAL SETUP 1,P17 - PHYSICAL SETUP 2,P19 - PHYSICAL SETUP 1,P21 - PHYSICAL SETUP 3,P23 - ACTIVITY 1,P29 - PHYSICAL SETUP 1,P29 - PHYSICAL SETUP 3,P30 - PHYSICAL SETUP 1,P32 - PHYSICAL SETUP 1,P34 - PHYSICAL SETUP 1,P35 - PHYSICAL SETUP 1,P36 - PHYSICAL SETUP 1,P37 - ACTIVITY 1,P37 - PHYSICAL SETUP 1,P41 - PHYSICAL SETUP 1,P41 - PHYSICAL SETUP 2,P44 - PHYSICAL SETUP 1,P45 - PHYSICAL SETUP 1,P46 - PHYSICAL SETUP 2,P47 - PHYSICAL SETUP 1,P48 - ACTIVITY 2,P50 - PHYSICAL SETUP 1,P51 - PHYSICAL SETUP 1,P53 - PHYSICAL SETUP 2,P54 - ACTIVITY 1,P54 - PHYSICAL SETUP 1,P55 - ACTIVITY 1,P57 - PHYSICAL SETUP 1,P58 - ACTIVITY 3,P58 - APPRECIATE,P59 - ACTIVITY 1,P59 - PHYSICAL SETUP 2,P60 - PHYSICAL SETUP 1,P61 - PHYSICAL SETUP 1,P61 - PHYSICAL SETUP 2,P62 - PHYSICAL SETUP 1,P64 - PHYSICAL SETUP 1,P66 - ACTIVITY 1,P66 - ACTIVITY 2,P66 - PHYSICAL SETUP 1,P67 - PHYSICAL SETUP 1,P68 - PHYSICAL SETUP 1,P70 - ACTIVITY 1,P71 - PHYSICAL SETUP 1,P74 - PHYSICAL SETUP 3,P75 - ACTIVITY 1,P77 - PHYSICAL SETUP 1,P79 - PHYSICAL SETUP 1,P79 - PHYSICAL SETUP 2,P81 - ACTIVITY 2,P81 - PHYSICAL SETUP 2,P83 - PHYSICAL SETUP 1,P84 - PHYSICAL SETUP 1,P85 - PHYSICAL SETUP 2,P86 - ACTIVITY 1,P87 - PHYSICAL SETUP 1,P88 - ACTIVITY 2,P88 - PHYSICAL SETUP 1,P89 - PHYSICAL SETUP 1,P91 - ACTIVITY 2,P92 - PHYSICAL SETUP 1,P94 - PHYSICAL SETUP 1,P95 - ACTIVITY 1,P98 - PHYSICAL SETUP 1,P99 - PHYSICAL SETUP 1,P99 - PHYSICAL SETUP 2
CONFIGURATION,      Arrangement,,,,,,,,,,,,,,,,,,,,,,,,,,,,,,,,,,,,,,,,,,,,,,,,,,,,,,,,,,,,,,,,,,,,,,,,,,,,,,,,,,,,,,,,,,,,,,,,,,,,,,,,,,,,,,,,
,"
Separate
(0 or 1)

",1,1,1,0,0,1,0,0,0,0,0,0,0,0,1,0,1,0,0,0,1,0,1,0,0,0,0,0,1,1,0,1,0,0,1,0,1,0,0,0,0,0,0,0,0,1,1,1,1,1,0,1,1,0,0,1,0,1,0,0,0,0,1,0,1,1,1,1,1,0,0,1,0,1,1,0,0,1,0,0,1,0,0,0,0,0,0,1,0,1,0,0,1,1,1,0,1,1,0,1,0,1,1,0,1,0,1,1,1,1,1,1
,"
Continuous
(0 or 1)

",0,1,0,1,1,0,1,1,1,1,1,1,1,1,0,1,0,1,1,1,0,1,0,1,1,1,1,1,0,1,1,0,1,1,0,1,0,1,1,1,1,1,1,1,1,0,0,0,1,0,1,0,0,1,1,0,1,0,1,1,1,1,1,1,0,1,0,0,0,1,1,0,1,0,0,1,1,0,1,1,1,1,1,1,2,1,1,0,1,0,1,1,0,0,0,1,0,0,1,1,1,0,0,1,0,1,1,0,0,0,1,0
,"
Overlapping
( 0 or 1)

",0,0,0,0,1,0,0,0,0,0,0,0,0,0,0,0,0,0,0,0,0,1,0,0,0,0,0,0,0,0,1,0,0,0,0,1,0,0,0,0,0,0,0,0,0,0,0,0,0,0,0,0,0,0,0,0,0,0,0,1,0,0,0,0,0,0,0,0,0,0,0,0,0,0,0,0,0,0,0,0,0,0,0,0,0,0,0,0,0,0,0,0,0,0,0,0,0,0,0,0,0,0,0,0,0,0,0,0,0,0,0,0
,"
Layered
(0 or 1) 

",1,0,1,0,0,0,0,0,0,0,0,0,0,0,0,0,0,0,0,0,0,0,0,0,0,0,0,0,0,0,0,0,0,0,0,0,0,0,0,0,0,0,0,0,1,0,0,0,0,0,0,0,0,0,0,0,0,0,0,1,0,0,0,0,0,0,0,0,0,0,0,0,0,1,0,0,0,0,0,0,0,0,0,1,1,1,0,0,0,0,0,0,0,0,0,1,0,0,0,0,,0,0,0,0,0,0,1,0,0,0,0
,      Orientation,,,,,,,,,,,,,,,,,,,,,,,,,,,,,,,,,,,,,,,,,,,,,,,,,,,,,,,,,,,,,,,,,,,,,,,,,,,,,,,,,,,,,,,,,,,,,,,,,,,,,,,,,,,,,,,,
,"
Horizontal
(0 or 1)

",0,0,1,0,0,0,0,0,0,1,1,0,1,1,0,0,0,1,0,0,0,0,0,1,0,1,0,0,0,0,0,0,0,0,0,1,1,0,0,0,0,0,0,0,0,1,0,1,1,0,0,1,0,0,1,0,0,0,0,1,0,0,1,0,0,0,0,1,1,0,0,0,0,1,0,0,0,1,0,0,0,0,0,0,0,0,0,0,1,0,0,1,1,0,0,0,1,1,0,0,0,0,1,1,0,1,0,,1,0,1,0
,"
Vertical
(0 or 1)

",1,1,1,1,1,1,1,1,1,1,1,1,1,1,1,1,1,1,1,1,1,1,1,1,1,1,1,1,1,1,1,1,1,1,1,1,1,1,1,1,1,1,1,1,1,1,1,1,1,1,1,1,1,1,1,1,1,1,1,1,1,1,1,1,1,1,1,,1,1,1,1,1,1,1,1,1,1,1,1,1,1,1,1,1,1,1,1,1,1,1,1,1,1,1,1,1,1,1,1,1,1,1,1,1,1,1,,1,1,1,1
,"
Titled
(0 or 1)

",0,1,0,0,1,0,0,1,0,1,0,0,1,1,1,1,0,1,1,0,1,1,1,1,0,0,1,1,1,1,1,1,0,1,1,1,1,1,0,0,1,0,0,1,1,1,1,1,1,0,0,1,1,0,1,1,1,0,0,0,0,0,0,0,1,0,0,,0,0,1,0,1,0,0,0,0,0,1,0,0,0,0,1,1,1,1,1,1,0,1,0,0,0,0,1,0,0,0,0,0,1,0,0,1,0,0,0,0,0,0,0
,"
Concave
(0 or 1)
",0,0,0,1,0,1,1,0,1,1,1,1,1,1,0,1,0,1,1,1,1,1,0,1,1,1,1,1,0,1,1,0,1,1,1,1,1,1,1,1,1,1,1,0,0,0,0,0,1,0,0,1,1,1,1,1,1,0,1,1,1,1,1,1,1,1,1,,0,1,1,0,1,0,0,1,0,0,1,1,0,0,1,1,1,1,1,0,1,0,1,0,1,1,0,1,1,0,1,1,1,1,1,1,0,1,1,0,1,0,1,0
,"
Convex
(0 or 1)

",0,0,0,0,0,0,0,0,0,0,0,0,0,0,0,0,0,0,0,0,0,0,0,0,0,0,0,0,,0,0,0,0,0,0,0,0,0,0,0,0,0,0,0,0,0,0,0,0,0,0,0,0,0,0,0,0,0,0,0,0,0,0,0,0,0,0,,0,0,0,0,0,0,0,0,0,0,0,0,0,0,0,0,0,0,0,0,0,0,0,0,0,0,0,0,0,0,0,0,0,0,0,0,0,0,0,,0,0,0,0
,      Form,,,,,,,,,,,,,,,,,,,,,,,,,,,,,,,,,,,,,,,,,,,,,,,,,,,,,,,,,,,,,,,,,,,,,,,,,,,,,,,,,,,,,,,,,,,,,,,,,,,,,,,,,,,,,,,,
,"Homogeneous to Heterogeneous
(1, 2, 3, 4, or 5)",2,4,5,2,2,1,2,2,2,2,2,1,2,2,1,2,3,4,4,1,1,4,1,2,2,2,2,2,1,2,2,2,2,2,2,2,5,2,1,2,1,1,2,5,2,5,2,2,2,1,1,2,2,2,2,2,2,5,2,2,2,2,5,1,2,2,2,,5,2,1,1,2,5,1,2,2,3,2,1,1,2,1,1,1,1,2,3,2,1,2,5,1,2,2,2,5,1,2,2,2,5,5,5,2,2,1,2,5,2,2,5
WORKSPACE,Number of Workspaces,,,,,,,,,,,,,,,,,,,,,,,,,,,,,,,,,,,,,,,,,,,,,,,,,,,,,,,,,,,,,,,,,,,,,,,,,,,,,,,,,,,,,,,,,,,,,,,,,,,,,,,,,,,,,,,,
,"Number
(#)",2,1,1,1,1,1,1,1,1,2,1,1,1,1,1,1,0,1,1,1,2,2,1,1,1,1,1,1,1,2,1,1,1,1,1,1,1,1,1,1,3,1,1,1,1,1,1,1,2,1,1,1,1,1,1,1,1,1,1,1,1,1,1,1,1,1,1,,1,1,1,1,1,2,1,1,1,2,1,1,1,1,1,1,1,1,1,1,1,1,1,1,1,1,1,1,1,1,1,1,1,1,2,2,1,1,1,,1,1,2,0
,      Workspace Size,,,,,,,,,,,,,,,,,,,,,,,,,,,,,,,,,,,,,,,,,,,,,,,,,,,,,,,,,,,,,,,,,,,,,,,,,,,,,,,,,,,,,,,,,,,,,,,,,,,,,,,,,,,,,,,,
,"Small to Large
(1, 2, or 3)",1,2,3,2,2,1,2,1,3,1,2,2,2,2,1,2,1,2,2,2,1,2,1,2,1,2,2,2,1,1,2,1,1,1,2,3,2,2,2,1,2,2,2,2,1,1,1,1,3,3,2,2,2,1,1,3,3,1,1,1,2,1,1,2,1,2,1,,1,1,2,1,2,1,1,1,1,2,2,1,2,2,2,3,3,3,3,1,1,1,2,1,2,1,1,1,2,1,1,1,1,1,2,2,1,1,3,1,1,1,1,0
,      Clutter,,,,,,,,,,,,,,,,,,,,,,,,,,,,,,,,,,,,,,,,,,,,,,,,,,,,,,,,,,,,,,,,,,,,,,,,,,,,,,,,,,,,,,,,,,,,,,,,,,,,,,,,,,,,,,,,
,"Low to High
(1, 2, or 3)",2,1,1,2,1,2,1,1,1,1,3,2,1,2,1,3,2,1,1,1,1,1,1,1,2,2,2,1,1,2,1,2,2,1,1,1,1,1,1,1,2,1,1,1,1,1,1,1,1,2,1,1,1,1,3,1,2,1,1,1,1,3,1,1,1,1,1,,2,3,2,1,1,2,1,1,2,2,2,1,1,1,1,1,1,2,2,3,1,3,2,1,1,2,1,1,1,1,1,3,1,1,2,2,2,2,2,1,1,1,3,1
ENVIRONMENT,      Place,,,,,,,,,,,,,,,,,,,,,,,,,,,,,,,,,,,,,,,,,,,,,,,,,,,,,,,,,,,,,,,,,,,,,,,,,,,,,,,,,,,,,,,,,,,,,,,,,,,,,,,,,,,,,,,,
,"Living Room
(0 or 1)",1,0,1,0,0,0,0,1,0,0,1,0,0,0,0,0,1,0,0,0,1,0,1,0,0,0,0,0,1,0,0,0,0,0,0,0,0,1,0,0,0,0,0,0,0,0,0,0,0,0,0,0,0,0,0,0,0,1,1,1,0,1,0,0,0,0,0,,0,0,0,1,0,0,0,0,0,1,0,0,1,1,1,0,0,0,0,0,0,0,0,0,0,0,0,0,0,0,0,0,0,0,0,0,0,0,0,,0,1,1,1
,"Dining Room
(0 or 1)",0,0,0,0,0,0,0,0,0,0,0,0,0,0,0,0,0,0,0,0,0,0,0,0,0,0,0,0,0,0,0,0,0,0,0,0,0,0,0,0,0,0,0,0,0,0,0,0,0,0,0,0,0,0,0,0,0,0,0,0,0,0,0,0,0,0,1,,0,0,0,0,0,0,0,0,0,0,0,0,0,0,0,0,0,0,0,0,0,0,0,0,0,0,0,0,0,1,0,0,0,0,0,0,0,0,0,,0,0,0,0
,"Office Area
(0 or 1)",0,1,0,1,1,0,1,0,1,1,0,1,1,1,0,1,0,1,1,1,0,1,0,1,1,1,1,1,0,1,1,1,1,1,1,1,1,0,1,1,1,1,1,1,1,1,1,1,1,1,1,1,1,1,1,1,1,0,0,0,1,0,1,0,1,1,0,,1,1,1,0,1,1,1,1,1,0,1,1,0,0,0,1,1,1,1,1,1,1,1,0,1,1,1,1,1,0,1,1,1,1,1,1,1,1,1,,1,0,0,0
,"Bedroom
(0 or 1)",0,0,0,0,0,0,0,0,0,0,0,0,0,0,0,0,0,0,0,0,0,0,0,0,0,0,0,0,0,0,0,0,0,0,0,0,0,0,0,0,0,0,0,0,0,0,0,0,0,0,0,0,0,0,0,0,0,0,0,0,0,0,0,0,0,0,0,,0,0,0,0,0,0,0,0,0,0,0,0,0,0,0,0,0,0,0,0,0,0,0,1,0,0,0,0,0,0,0,0,0,0,0,0,0,0,0,,0,0,0,0
,"Outdoor
(0 or 1)",0,0,0,0,0,0,0,0,0,0,0,0,0,0,0,0,0,0,0,0,0,0,0,0,0,0,0,0,0,0,0,0,0,0,0,0,0,0,0,0,0,0,0,0,0,0,0,0,0,0,0,0,0,0,0,0,0,0,0,0,0,0,0,1,0,0,0,,0,0,0,0,0,0,0,0,0,0,0,0,0,0,0,0,0,0,0,0,0,0,0,0,0,0,0,0,0,0,0,0,0,0,0,0,0,0,0,,0,0,0,0
,"Other
(0 or 1)",0,0,0,0,0,1,0,0,0,0,0,0,0,0,1,0,0,0,0,0,0,0,0,0,0,0,0,0,0,0,0,0,0,0,0,0,0,0,0,0,0,0,0,0,0,0,0,0,0,0,0,0,0,0,0,0,0,0,0,0,0,0,0,0,0,0,0,,0,0,0,0,0,0,0,0,0,0,0,0,0,0,0,0,0,0,0,0,0,0,0,0,0,0,0,0,0,0,0,0,0,0,0,0,0,0,0,,0,0,0,0
,      Lighting,,,,,,,,,,,,,,,,,,,,,,,,,,,,,,,,,,,,,,,,,,,,,,,,,,,,,,,,,,,,,,,,,,,,,,,,,,,,,,,,,,,,,,,,,,,,,,,,,,,,,,,,,,,,,,,,
,"Additional Lighting Support
(0 or 1)",0,1,0,0,0,0,0,0,0,0,0,0,0,0,0,0,1,0,0,0,0,1,0,0,0,0,0,0,0,0,0,0,0,0,0,0,0,0,1,0,0,0,1,0,0,0,0,0,0,0,0,0,0,0,1,0,0,0,0,0,1,0,0,0,0,0,0,,0,0,0,0,1,0,0,0,0,0,0,0,0,0,0,0,0,0,0,0,0,0,1,0,0,0,0,0,0,0,0,0,0,0,1,1,0,0,0,,0,0,0,0
,      Physical Artifacts,,,,,,,,,,,,,,,,,,,,,,,,,,,,,,,,,,,,,,,,,,,,,,,,,,,,,,,,,,,,,,,,,,,,,,,,,,,,,,,,,,,,,,,,,,,,,,,,,,,,,,,,,,,,,,,,
,"Sticky Note
(0 or 1)",0,0,0,1,0,1,0,0,0,0,0,0,0,0,0,0,0,0,0,0,0,0,0,1,0,0,0,0,0,0,0,0,0,0,0,0,0,0,0,0,0,0,0,0,0,0,0,0,0,0,0,0,0,0,0,0,0,0,0,0,0,0,0,0,0,0,0,0,0,1,0,0,0,1,0,0,0,0,0,0,0,0,0,0,0,0,0,0,0,0,0,0,0,1,0,0,0,1,0,0,0,0,1,1,0,0,1,0,0,0,0,0
,"Notetaking Paper
(0 or 1)",0,0,0,0,1,1,0,0,0,0,0,0,0,0,0,1,0,0,0,0,0,0,0,0,0,0,0,0,0,0,0,0,0,0,0,0,0,1,0,0,1,0,0,1,0,0,0,0,0,1,0,0,0,0,1,0,1,0,0,0,0,1,1,1,0,0,1,0,0,1,0,0,1,1,0,0,0,1,1,1,0,0,0,1,0,1,1,1,0,0,0,0,0,1,0,0,0,1,0,0,0,0,1,1,0,0,0,,0,0,1,0
,"Reading Paper
(0 or 1)",0,0,0,0,0,0,0,0,0,0,1,0,0,0,0,1,0,0,0,1,0,0,0,0,1,1,0,0,0,1,0,1,0,0,0,0,0,1,0,0,0,0,0,0,0,0,,0,0,0,0,0,0,0,0,0,1,0,0,0,0,0,0,0,0,0,0,1,1,1,0,0,0,1,0,0,0,0,1,1,1,0,0,1,0,0,1,1,0,0,0,0,0,0,0,0,0,1,0,0,0,0,1,1,0,0,0,,0,0,0,0
,"Whiteboard
(0 or 1)",0,0,0,0,0,0,0,0,0,0,0,0,0,0,0,0,0,0,0,0,0,0,0,0,0,0,0,0,0,0,0,0,0,0,0,0,0,0,0,0,0,0,0,0,0,0,0,0,0,0,0,0,0,0,0,0,0,0,0,0,0,0,0,0,0,0,0,0,0,0,0,0,0,1,0,0,0,0,0,0,0,0,0,0,0,0,0,0,0,0,0,0,0,1,1,0,0,1,0,0,0,0,0,0,0,0,0,,0,0,0,0
DEVICE & MODALITY,      Device,,,,,,,,,,,,,,,,,,,,,,,,,,,,,,,,,,,,,,,,,,,,,,,,,,,,,,,,,,,,,,,,,,,,,,,,,,,,,,,,,,,,,,,,,,,,,,,,,,,,,,,,,,,,,,,,
,"Number of Smart Phones
(#)",0,0,1,0,0,0,0,0,0,0,1,0,1,2,0,0,0,1,1,0,0,0,0,1,0,1,0,0,0,0,0,0,0,0,0,0,1,0,0,0,0,0,0,0,0,1,1,0,1,0,0,0,0,0,2,0,0,0,0,1,0,0,1,0,0,0,0,1,1,0,0,0,1,1,0,0,0,0,1,0,0,0,0,0,0,0,0,0,0,0,0,1,1,0,0,0,1,1,0,0,0,1,1,1,0,1,0,,1,0,1,0
,"Number Tablets
(#)",0,1,0,0,1,0,0,0,1,1,1,0,1,2,1,0,0,0,1,0,0,1,0,0,0,0,0,0,0,1,1,0,0,1,1,1,0,1,0,0,0,0,0,1,0,0,1,1,0,0,0,1,1,0,1,1,1,0,0,0,0,0,0,0,1,0,0,0,0,0,1,0,1,1,0,0,0,1,0,0,0,0,0,1,1,2,1,1,2,0,0,0,0,0,0,1,0,0,0,0,0,1,0,0,1,0,0,,0,0,0,0
,"Number of Laptop
(#)",2,1,1,1,0,0,0,1,3,0,1,0,1,0,0,1,0,1,1,0,2,1,1,1,0,0,1,2,1,1,0,1,0,0,0,2,1,2,0,0,2,0,1,0,0,1,1,1,1,1,1,3,3,2,1,2,1,0,1,1,1,0,1,0,0,1,2,1,0,1,1,1,1,1,1,1,0,0,1,1,0,0,1,2,1,2,0,1,1,0,1,1,2,0,1,0,1,1,0,1,1,1,1,1,0,1,2,1,1,0,1,1
,"Number of Desktops/Monitors
(#)",0,2,0,2,1,1,2,0,1,2,1,2,2,3,0,2,0,3,2,2,1,2,0,2,2,2,3,1,0,1,2,0,2,1,1,3,1,0,2,2,3,3,2,1,1,1,0,0,2,1,3,1,1,1,2,1,2,1,2,2,2,2,1,2,1,2,0,0,1,2,3,0,2,2,0,0,2,1,3,3,3,2,3,2,2,2,2,1,2,1,2,1,1,2,1,2,1,0,2,2,1,1,2,1,1,3,3,1,1,1,2,0
,"Number of TVs
(#)",1,0,1,0,0,0,0,1,0,0,0,0,0,0,0,0,1,0,0,0,1,0,1,0,0,0,0,0,0,0,0,0,0,0,0,0,0,0,0,0,0,0,0,0,0,0,0,0,0,0,0,0,0,0,0,0,0,1,0,1,0,0,0,0,0,0,0,0,0,0,0,1,0,0,0,0,0,0,0,0,0,0,0,0,0,0,0,0,0,0,0,0,0,0,0,0,0,0,0,0,0,0,0,0,0,0,0,,0,0,0,1
,      Input,,,,,,,,,,,,,,,,,,,,,,,,,,,,,,,,,,,,,,,,,,,,,,,,,,,,,,,,,,,,,,,,,,,,,,,,,,,,,,,,,,,,,,,,,,,,,,,,,,,,,,,,,,,,,,,,
,"Number Mouses/Trackpads/Trackballs
(#)",1,1,0,1,1,1,1,1,1,1,1,1,2,1,0,2,0,1,1,1,1,1,0,1,2,1,1,1,0,1,1,0,0,1,1,1,1,0,1,0,2,1,1,0,0,1,0,0,2,2,1,0,0,0,0,1,1,1,1,1,1,1,1,1,2,2,1,0,1,1,1,0,1,2,0,0,1,1,1,0,1,0,1,1,1,0,1,0,1,1,0,1,1,1,1,2,1,0,2,0,1,1,2,2,1,1,2,1,1,0,0,0
,"Number Keyboards/Laptop Keyboards
(#)",2,2,1,2,1,1,1,2,2,2,2,1,2,2,0,1,0,2,2,1,2,2,0,2,1,0,1,1,1,1,1,1,0,1,1,4,1,1,1,1,4,1,2,1,0,1,1,0,2,1,2,2,3,3,1,3,3,1,1,1,1,1,1,1,1,2,2,2,1,2,2,0,2,2,1,2,1,1,1,0,1,0,2,1,1,2,1,3,1,1,1,1,3,0,2,2,1,1,1,2,2,2,2,2,1,1,4,1,1,1,2,0
,"Number of Webcams
(#)",0,1,0,0,0,0,1,0,0,3,0,0,0,1,1,0,0,0,1,0,0,1,0,0,0,1,0,0,0,0,0,0,0,0,0,1,0,0,0,0,1,0,1,1,0,1,0,0,1,0,0,0,0,0,0,0,0,0,0,0,0,0,1,1,0,0,0,0,1,0,0,0,1,0,1,0,1,0,0,0,0,0,0,0,0,0,0,0,0,1,0,0,0,0,0,0,0,0,0,0,0,1,0,0,0,0,1,1,0,0,0,0
,"Number of Digital Pens
(#)",0,0,0,0,1,0,0,0,0,0,0,0,0,1,0,0,0,0,0,0,0,0,0,0,0,0,0,0,0,0,0,0,0,0,0,0,0,0,0,0,0,0,0,0,0,0,0,0,0,0,0,0,0,0,0,0,0,0,0,0,0,0,0,0,0,0,0,0,0,0,0,0,0,0,0,0,0,0,0,0,0,0,0,0,0,0,0,0,0,0,0,0,0,0,0,0,0,0,0,0,0,0,0,0,0,0,0,,0,0,0,0
,"Number of Microphones
(#)",0,1,0,0,0,0,0,0,0,1,0,0,0,0,0,0,0,0,1,1,0,1,0,0,1,0,0,0,0,0,0,0,0,0,0,0,0,0,0,0,0,0,0,0,0,0,0,0,0,0,0,0,0,0,1,1,0,0,0,0,0,1,0,0,0,0,0,0,0,0,1,0,1,1,0,0,0,0,0,0,0,0,0,0,0,1,0,0,0,0,0,0,0,0,0,0,0,0,0,0,0,0,1,1,0,0,0,,0,0,0,0
,"Number of Remote Controls/Game Controls
(#)",4,1,0,0,0,0,0,0,0,1,0,0,1,0,0,1,1,0,0,0,0,0,0,0,0,0,0,0,0,0,0,0,0,0,0,0,0,0,0,0,0,0,0,0,0,0,0,0,0,0,0,0,0,0,0,0,0,1,0,0,0,1,0,0,0,1,0,0,0,0,0,0,0,0,0,0,0,0,0,0,0,0,0,0,0,1,0,0,0,0,0,0,0,0,0,0,0,0,0,0,0,0,0,0,0,0,0,,0,0,0,0
,      Output,,,,,,,,,,,,,,,,,,,,,,,,,,,,,,,,,,,,,,,,,,,,,,,,,,,,,,,,,,,,,,,,,,,,,,,,,,,,,,,,,,,,,,,,,,,,,,,,,,,,,,,,,,,,,,,,
,"Number of Headsets
(#)",0,3,0,0,0,0,0,0,0,0,0,0,1,1,0,1,0,1,1,0,0,2,0,0,0,0,0,0,0,0,1,0,0,0,0,1,0,0,0,0,1,1,0,1,0,1,1,0,0,0,0,0,0,0,1,2,0,0,0,0,0,0,1,1,0,0,0,0,0,0,1,0,1,0,0,0,0,0,0,0,0,0,0,0,0,0,0,0,1,1,0,0,0,0,0,1,0,0,0,0,0,1,0,0,0,0,0,,0,1,1,0
,"Number of Speakers
(#)",0,1,0,0,0,0,1,2,1,0,0,0,2,2,0,0,1,0,1,0,0,1,0,0,0,0,0,0,0,0,1,0,0,0,0,0,0,0,0,0,0,0,0,0,0,0,0,0,1,0,0,0,0,0,1,0,0,0,0,0,0,0,0,0,0,0,0,0,0,0,0,0,0,0,0,0,0,0,0,0,0,1,0,0,0,0,2,0,0,2,0,0,0,0,0,1,0,0,0,0,0,0,0,0,2,0,0,,0,0,0,0
,      Distance,,,,,,,,,,,,,,,,,,,,,,,,,,,,,,,,,,,,,,,,,,,,,,,,,,,,,,,,,,,,,,,,,,,,,,,,,,,,,,,,,,,,,,,,,,,,,,,,,,,,,,,,,,,,,,,,
,"At Hands' Reach/In Front
(0, 1, or 2)",2,1,1,0,0,2,2,1,2,2,2,2,2,2,2,2,2,2,2,2,2,2,2,2,2,2,2,2,2,2,2,2,2,2,2,2,2,2,2,2,2,2,2,2,2,2,2,2,2,2,2,2,2,2,2,2,2,2,2,2,2,2,2,2,2,2,2,2,2,2,2,2,2,2,2,2,2,2,2,2,2,2,2,2,2,2,2,2,2,2,2,2,2,2,2,2,2,2,2,2,2,2,2,2,2,2,2,,2,2,2,2
,"In Arms' Reach (periphery)
(0, 1, or 2)",0,2,1,2,0,0,0,1,0,2,0,0,0,0,0,0,0,0,0,1,2,0,0,0,0,0,0,0,0,0,0,0,0,0,0,0,0,0,0,0,1,0,0,0,0,0,0,0,0,2,0,0,0,0,0,1,0,2,0,0,0,0,0,0,0,0,0,2,0,0,0,0,0,1,0,0,0,0,0,0,0,0,0,0,0,1,1,0,0,0,0,0,0,0,0,0,0,0,0,0,0,0,1,1,0,0,0,,0,0,0,0
,"Far/Unreachable
(0, 1, or 2)",1,0,1,0,0,0,0,0,0,0,0,0,0,0,0,0,0,0,0,0,1,0,0,0,0,0,0,0,0,0,0,0,0,0,0,0,0,0,0,0,0,0,0,0,0,0,0,0,0,0,0,0,0,0,0,0,0,0,0,0,0,0,0,0,0,0,0,0,0,0,0,0,0,0,0,0,0,0,0,0,0,0,0,0,0,0,0,0,0,0,0,0,0,0,0,0,0,0,0,0,0,0,0,0,0,0,0,,0,0,0,0
,      Fixation,,,,,,,,,,,,,,,,,,,,,,,,,,,,,,,,,,,,,,,,,,,,,,,,,,,,,,,,,,,,,,,,,,,,,,,,,,,,,,,,,,,,,,,,,,,,,,,,,,,,,,,,,,,,,,,,
,"Fixed
(0, 1, or 2)",1,2,1,2,1,1,1,2,1,2,1,2,2,2,0,2,2,2,2,2,1,2,1,2,2,2,2,2,0,1,2,0,2,1,1,3,1,0,1,2,3,3,2,1,1,1,0,0,2,1,3,1,1,1,2,1,2,2,2,2,2,2,1,2,1,2,0,0,1,2,3,0,2,2,0,2,2,2,2,2,2,2,2,2,2,2,2,2,2,2,2,1,1,2,2,2,2,2,2,2,2,2,2,2,2,2,2,,1,2,2,2
,"Semi-Fixed
(0, 1, or 2)",2,1,1,1,0,1,0,1,1,2,1,2,2,2,1,1,2,1,2,0,2,1,1,1,0,0,1,2,1,2,1,1,0,1,1,2,1,2,0,0,2,0,1,1,1,1,1,1,1,1,1,3,3,2,1,3,2,0,1,1,1,0,1,0,1,1,2,1,0,1,2,1,1,1,1,0,0,0,1,0,0,0,1,2,2,2,1,2,2,0,1,1,2,0,0,1,1,1,0,1,1,1,1,1,0,1,2,1,1,0,1,1
,"Mobile
(0, 1, or 2)",0,0,1,0,0,2,0,0,1,0,1,0,1,2,2,0,0,1,0,0,0,0,0,1,0,0,0,0,0,0,0,0,0,0,0,0,1,0,0,0,0,0,0,1,1,1,1,1,1,0,0,1,1,0,3,1,0,0,0,1,0,0,1,0,1,0,0,1,0,0,1,0,2,1,0,0,0,0,1,0,0,0,0,0,1,0,0,1,1,0,0,1,1,0,0,1,1,1,0,0,0,1,1,1,1,1,0,,1,0,1,0
